#Default Roles
INSERT INTO ROLE (ROLE_ID, ROLE_NO, ROLE_NAME, ROLE_DESCRIPTION, VERSION, CREATED_ON, UPDATED_ON)
VALUES (99, 99, 'SUPER ADMIN', 'Access throught out the Application', 0, NOW(), NOW());
INSERT INTO ROLE (ROLE_ID, ROLE_NO, ROLE_NAME, ROLE_DESCRIPTION, VERSION, CREATED_ON, UPDATED_ON)
VALUES (1, 1, 'ADMINISTRATOR', 'Access throught out the Portal', 0, NOW(), NOW());
INSERT INTO ROLE (ROLE_ID, ROLE_NO, ROLE_NAME, ROLE_DESCRIPTION, VERSION, CREATED_ON, UPDATED_ON)
VALUES (11, 11, 'USER', 'Limited Permissions', 0, NOW(), NOW());
INSERT INTO ROLE (ROLE_ID, ROLE_NO, ROLE_NAME, ROLE_DESCRIPTION, VERSION, CREATED_ON, UPDATED_ON)
VALUES (111, 111, 'GUEST', 'Guest', 0, NOW(), NOW());

#Gender
INSERT INTO GENDER (GENDER_ID, NAME, SHORT_NAME, VERSION, CREATED_ON, UPDATED_ON)
VALUES (1, 'Male' , 'M' , 0 , NOW() , NOW());
INSERT INTO GENDER (GENDER_ID, NAME, SHORT_NAME, VERSION, CREATED_ON, UPDATED_ON)
VALUES (2, 'Female' , 'F' , 0 , NOW() , NOW());

#Player Type
INSERT INTO PLAYER_TYPE (PLAYER_TYPE_ID, NAME, DESCRIPTION, VERSION, CREATED_ON, UPDATED_ON)
VALUES (1, 'Batsman', 'Batsman', 0, NOW(), NOW());
INSERT INTO PLAYER_TYPE (PLAYER_TYPE_ID, NAME, DESCRIPTION, VERSION, CREATED_ON, UPDATED_ON)
VALUES (2, 'Bowler', 'Bowler', 0, NOW(), NOW());
INSERT INTO PLAYER_TYPE (PLAYER_TYPE_ID, NAME, DESCRIPTION, VERSION, CREATED_ON, UPDATED_ON)
VALUES (3, 'All Rounder', 'All Rounder', 0, NOW(), NOW());
INSERT INTO PLAYER_TYPE (PLAYER_TYPE_ID, NAME, DESCRIPTION, VERSION, CREATED_ON, UPDATED_ON)
VALUES (4, 'Wicket Keeper', 'Wicket Keeper', 0, NOW(), NOW());

#Users
INSERT INTO USER (USER_ID, USER_SIGNATURE, USER_NAME, USER_EMAIL, USER_MOBILE, IS_ACTIVE, IS_DELETE, CREATED_ON, UPDATED_ON , VERSION)
VALUES (1, 'saravanan808', 'saravanan', 'ksaravanankmr@gmail.com', '8012252058', 1, 0, NOW(), NOW(), 0);
INSERT INTO USER_SECURITY (SECURITY_ID, USER_ID, SECURITY_KEY, IS_ACTIVE, CREATED_ON, UPDATED_ON, VERSION)
VALUES (1, 1, 'saravanan808', 1, NOW(), NOW(), 0);
INSERT INTO USER (USER_ID, USER_SIGNATURE, USER_NAME, USER_EMAIL, USER_MOBILE, IS_ACTIVE, IS_DELETE, CREATED_ON, UPDATED_ON , VERSION)
VALUES (2, 'vicky808', 'vicky', 'vigneshthandapani19@gmail.com', '8220334163', 1, 0, NOW(), NOW(), 0);
INSERT INTO USER_SECURITY (SECURITY_ID, USER_ID, SECURITY_KEY, IS_ACTIVE, CREATED_ON, UPDATED_ON, VERSION)
VALUES (2, 2, 'vicky808', 1, NOW(), NOW(), 0);
INSERT INTO USER (USER_ID, USER_SIGNATURE, USER_NAME, USER_EMAIL, USER_MOBILE, IS_ACTIVE, IS_DELETE, CREATED_ON, UPDATED_ON , VERSION)
VALUES (3, 'edwin808', 'edwin', 'edwinfrancisd@ymail.com', '8148558330', 1, 0, NOW(), NOW(), 0);
INSERT INTO USER_SECURITY (SECURITY_ID, USER_ID, SECURITY_KEY, IS_ACTIVE, CREATED_ON, UPDATED_ON, VERSION)
VALUES (3, 3, 'edwin808', 1, NOW(), NOW(), 0);
INSERT INTO USER (USER_ID, USER_SIGNATURE, USER_NAME, USER_EMAIL, USER_MOBILE, IS_ACTIVE, IS_DELETE, CREATED_ON, UPDATED_ON , VERSION)
VALUES (4, 'paul808', 'paul', 'sharoonpaul808@gmail.com', '9047654156', 1, 0, NOW(), NOW(), 0);
INSERT INTO USER_SECURITY (SECURITY_ID, USER_ID, SECURITY_KEY, IS_ACTIVE, CREATED_ON, UPDATED_ON, VERSION)
VALUES (4, 4, 'paul808', 1, NOW(), NOW(), 0);
INSERT INTO USER (USER_ID, USER_SIGNATURE, USER_NAME, USER_EMAIL, USER_MOBILE, IS_ACTIVE, IS_DELETE, CREATED_ON, UPDATED_ON , VERSION)
VALUES (5, 'bala808', 'bala', 'vikram.g.p96@gmail.com', '8508796632', 1, 0, NOW(), NOW(), 0);
INSERT INTO USER_SECURITY (SECURITY_ID, USER_ID, SECURITY_KEY, IS_ACTIVE, CREATED_ON, UPDATED_ON, VERSION)
VALUES (5, 5, 'bala808', 1, NOW(), NOW(), 0);

#Portal
INSERT INTO PORTAL(PORTAL_ID, PORTAL_SIGNATURE, PORTAL_NAME, CREATED_BY, IS_ACTIVE, IS_DELETE, CREATED_ON, UPDATED_ON, VERSION)
VALUES (1, 'Criczlocal-Saro', 'Criczlocal', 1, 1, 0, NOW(), NOW(), 0);
INSERT INTO PORTAL(PORTAL_ID, PORTAL_SIGNATURE, PORTAL_NAME, CREATED_BY, IS_ACTIVE, IS_DELETE, CREATED_ON, UPDATED_ON, VERSION)
VALUES (2, 'Criczlocal-vicky', 'Criczlocal', 1, 1, 0, NOW(), NOW(), 0);
INSERT INTO PORTAL(PORTAL_ID, PORTAL_SIGNATURE, PORTAL_NAME, CREATED_BY, IS_ACTIVE, IS_DELETE, CREATED_ON, UPDATED_ON, VERSION)
VALUES (3, 'Criczlocal-edwin', 'Criczlocal', 1, 1, 0, NOW(), NOW(), 0);
INSERT INTO PORTAL(PORTAL_ID, PORTAL_SIGNATURE, PORTAL_NAME, CREATED_BY, IS_ACTIVE, IS_DELETE, CREATED_ON, UPDATED_ON, VERSION)
VALUES (4, 'Criczlocal-paul', 'Criczlocal', 1, 1, 0, NOW(), NOW(), 0);
INSERT INTO PORTAL(PORTAL_ID, PORTAL_SIGNATURE, PORTAL_NAME, CREATED_BY, IS_ACTIVE, IS_DELETE, CREATED_ON, UPDATED_ON, VERSION)
VALUES (5, 'Criczlocal-bala', 'Criczlocal', 1, 1, 0, NOW(), NOW(), 0);

#Portal users
INSERT INTO PORTAL_USER (PORTAL_USER_ID, PORTAL_ID, USER_ID, ROLE_ID, CREATED_BY, IS_ACTIVE, CREATED_ON, UPDATED_ON, VERSION)
VALUES (1, 1, 1, 1, 1, 1, NOW(), NOW(), 0);
INSERT INTO PORTAL_USER (PORTAL_USER_ID, PORTAL_ID, USER_ID, ROLE_ID, CREATED_BY, IS_ACTIVE, CREATED_ON, UPDATED_ON, VERSION)
VALUES (2, 2, 2, 1, 1, 1, NOW(), NOW(), 0);
INSERT INTO PORTAL_USER (PORTAL_USER_ID, PORTAL_ID, USER_ID, ROLE_ID, CREATED_BY, IS_ACTIVE, CREATED_ON, UPDATED_ON, VERSION)
VALUES (3, 3, 3, 1, 1, 1, NOW(), NOW(), 0);
INSERT INTO PORTAL_USER (PORTAL_USER_ID, PORTAL_ID, USER_ID, ROLE_ID, CREATED_BY, IS_ACTIVE, CREATED_ON, UPDATED_ON, VERSION)
VALUES (4, 4, 4, 1, 1, 1, NOW(), NOW(), 0);
INSERT INTO PORTAL_USER (PORTAL_USER_ID, PORTAL_ID, USER_ID, ROLE_ID, CREATED_BY, IS_ACTIVE, CREATED_ON, UPDATED_ON, VERSION)
VALUES (5, 5, 5, 1, 1, 1, NOW(), NOW(), 0);

# Standard playing rules
INSERT INTO STANDARD_RULE (RULE_ID, RULE_NAME, OVERS, POWER_PLAY, PLAYERS, SUBSTITUTE, IS_ACTIVE, CREATED_ON, UPDATED_ON, VERSION)
VALUES (1, "8/8", 8, 2, 8, 2, 1, NOW(), NOW(), 0);
INSERT INTO STANDARD_RULE (RULE_ID, RULE_NAME, OVERS, POWER_PLAY, PLAYERS, SUBSTITUTE, IS_ACTIVE, CREATED_ON, UPDATED_ON, VERSION)
VALUES (2, "10/10", 10, 3, 11, 4, 1, NOW(), NOW(), 0);
INSERT INTO STANDARD_RULE (RULE_ID, RULE_NAME, OVERS, POWER_PLAY, PLAYERS, SUBSTITUTE, IS_ACTIVE, CREATED_ON, UPDATED_ON, VERSION)
VALUES (3, "12/12", 12, 4, 11, 5, 1, NOW(), NOW(), 0);
INSERT INTO STANDARD_RULE (RULE_ID, RULE_NAME, OVERS, POWER_PLAY, PLAYERS, SUBSTITUTE, IS_ACTIVE, CREATED_ON, UPDATED_ON, VERSION)
VALUES (4, "15/15", 15, 5, 11, 5, 1, NOW(), NOW(), 0);
INSERT INTO STANDARD_RULE (RULE_ID, RULE_NAME, OVERS, POWER_PLAY, PLAYERS, SUBSTITUTE, IS_ACTIVE, CREATED_ON, UPDATED_ON, VERSION)
VALUES (5, "20/20", 20, 6, 11, 5, 1, NOW(), NOW(), 0);
INSERT INTO STANDARD_RULE (RULE_ID, RULE_NAME, OVERS, POWER_PLAY, PLAYERS, SUBSTITUTE, IS_ACTIVE, CREATED_ON, UPDATED_ON, VERSION)
VALUES (6, "50/50", 50, 15, 11, 5, 1, NOW(), NOW(), 0);